Name,Team,Position,Height,Weight KG,College,Salary
Sharon Jones,Oklahoma City Thunder,G,5-11,193.0,Gonzaga,4548559.46
Danielle King,Phoenix Suns,G-F,5-9,210.6,Duke,9690105.29
Matthew Smith,New York Knicks,G,7-3,245.9,Real Madrid,23775994.51
Lisa Perez,Sacramento Kings,C-F,5-2,243.8,Wichita State,9004893.6
Justin Leonard,Portland Trail Blazers,C,5-1,205.6,Maryland,24347178.24
Joshua Campbell,NaN,G,7-7,224.3,Utah,12080542.12
Jessica Acevedo,Oklahoma City Thunder,G-F,6-9,183.1,Kansas,
Amy Haynes,Denver Nuggets,C-F,6-1,NaN,North Carolina,18409706.94
Emma Campbell,San Antonio Spurs,C,5-5,202.6,Texas,27500132.79
Jeffrey Allen,Brooklyn Nets,G-F,7-2,224.1,Gonzaga,15488489.95
Shannon Robinson,Washington Wizards,F-C,7-8,186.4,Wichita State,31151996.51
John Mcclure,Denver Nuggets,C-F,5-5,208.1,Kansas,37744933.72
Denise Ray,Utah Jazz,F-C,6-3,238.7,Utah,25892648.87
Ashley Garcia,Chicago Bulls,C,5-3,249.4,Texas,17423136.18
Erin Murphy,New Orleans Pelicans,F-G,6-3,279.7,UCLA,4090921.78
Antonio Richardson,Boston Celtics,C-F,5-2,235.3,Real Madrid,15698308.81
Amy Jackson,New York Knicks,F-G,7-4,276.5,Duke,5024793.85
Michael Rhodes,Utah Jazz,G-F,6-10,200.8,Arizona,18422086.4
Kristin Parrish,Phoenix Suns,F-C,6-8,251.4,North Carolina,12288569.26
Sarah Jennings,Oklahoma City Thunder,G-F,7-3,178.3,Michigan,31255745.91
Laura Rivers,Milwaukee Bucks,G,7-5,218.6,North Carolina,35209514.17
Tiffany Davis,San Antonio Spurs,C-F,6-3,167.0,Kansas,19696623.3
Rickey Miller,Brooklyn Nets,C-F,7-2,175.4,Elan Chalon,7022514.88
Brittany Juarez,Milwaukee Bucks,C-F,7-6,275.7,Villanova,16260195.85
Michael White,Orlando Magic,F-C,6-7,268.0,Fenerbahce,9375544.81
Eric Gonzalez,Houston Rockets,G,7-8,187.6,Gonzaga,
Rebecca Johnson,Philadelphia 76ers,F-C,5-3,168.1,Kentucky,3298865.32
Steven Ortiz,Denver Nuggets,C,7-7,185.7,UCLA,35354131.47
Matthew Roberts,New Orleans Pelicans,F-G,5-7,256.9,Villanova,26529818.61
Jennifer Davis,Indiana Pacers,F-G,6-7,263.7,Kentucky,39374525.85
Nicholas Santiago,Charlotte Hornets,G,6-11,200.7,North Carolina,8013251.88
Joseph Nelson,Memphis Grizzlies,F,6-2,193.4,Gonzaga,3477703.09
Katherine Rubio,Sacramento Kings,C-F,7-1,166.1,Duke,37091495.83
Julie Long,Toronto Raptors,F,5-6,218.3,Villanova,36146493.19
Sandra Baker,Cleveland Cavaliers,F-G,5-6,191.8,Fenerbahce,28015364.39
Felicia Reid,Phoenix Suns,C-F,7-10,246.2,UCLA,9099185.49
Ashley Fernandez,Boston Celtics,G-F,7-8,167.3,Wichita State,23575014.98
Eileen Arias,Milwaukee Bucks,C-F,7-2,166.8,Kansas,3206592.64
Emily Shelton,Brooklyn Nets,F-C,5-6,174.4,Gonzaga,2069795.66
Michael Wheeler,Brooklyn Nets,F-G,7-9,227.8,Wichita State,8568238.38
Tasha James,Philadelphia 76ers,C,5-4,207.5,Arizona,37196224.1
Matthew Colon,Washington Wizards,G,5-7,234.5,North Carolina,8919595.33
Andrew Higgins,Detroit Pistons,F,6-1,265.5,Maryland,17808290.63
Paige Dawson,Minnesota Timberwolves,F-C,6-9,278.1,Duke,22406790.16
Benjamin Rivera,Washington Wizards,F-C,5-2,191.7,North Carolina,6640192.44
Kenneth Bailey,Golden State Warriors,G-F,5-11,201.1,Texas,10419289.46
Angela Odom,Washington Wizards,C-F,5-1,236.1,Texas,
Yesenia Warren,Houston Rockets,C-F,5-10,277.6,Michigan,22291376.63
Brandon Ford,Los Angeles Lakers,G-F,5-1,169.0,UCLA,33466503.29
Tricia Hale,New Orleans Pelicans,G-F,5-6,175.3,Arizona,37356976.42
Richard Rogers,Toronto Raptors,G,6-3,241.8,North Carolina,22615399.01
Amanda Smith,Toronto Raptors,F-G,7-11,178.5,Gonzaga,39060138.3
Hannah Hill,Sacramento Kings,F,6-0,181.5,Wichita State,16762670.08
Jimmy Morris,Orlando Magic,C-F,7-3,192.0,North Carolina,2029622.0
Kelly Shaw,Miami Heat,F,5-7,202.0,Gonzaga,26571310.72
Mckenzie Davis,LA Clippers,C,6-1,276.0,Texas,20621524.18
Crystal Gregory,Orlando Magic,C-F,7-5,272.7,North Carolina,10818000.26
Paige Cobb,New Orleans Pelicans,C,5-1,231.6,Maryland,12890253.91
Jennifer Johnson,New York Knicks,G-F,5-6,267.9,Villanova,28497018.71
Kerry Ross,Atlanta Hawks,G-F,7-10,246.3,Villanova,3263965.54
Melissa Li,Orlando Magic,C,7-5,239.6,North Carolina,12362729.59
Stephen Snow,Golden State Warriors,F-C,6-5,208.3,Arizona,8077683.67
Ian Martin,Orlando Magic,F-G,7-11,268.3,Arizona,33432144.19
Dalton Robinson,Golden State Warriors,C,5-6,254.3,Wichita State,17965312.07
Nancy Saunders,Dallas Mavericks,G-F,6-11,180.4,Kansas,26722226.53
Mark Young,New York Knicks,C,5-3,240.7,Gonzaga,6320481.51
Amy Lee,Boston Celtics,F,6-9,262.0,Kansas,35502407.91
Ronnie Murphy,New Orleans Pelicans,F,7-11,206.1,Utah,26414291.44
Joseph Gibson,Atlanta Hawks,C-F,5-6,186.3,Fenerbahce,10343332.05
Todd Snyder,Toronto Raptors,G,6-2,256.2,Wichita State,35711324.07
Linda Haley,New York Knicks,C-F,7-8,211.2,Fenerbahce,29874389.97
Joshua Velasquez,Miami Heat,F-G,6-3,260.8,Texas,21091342.61
Miss Sandy Bryant,Oklahoma City Thunder,F,6-7,169.3,Arizona,13765977.7
Christine Hernandez,Utah Jazz,G-F,5-2,178.1,Utah,28403556.1
Lisa Brown,Brooklyn Nets,F-G,6-5,225.1,Real Madrid,33399201.19
Sean Rivas,LA Clippers,C-F,7-11,162.3,Utah,37738295.47
Jason Hernandez,Golden State Warriors,C-F,6-6,224.6,Gonzaga,11280944.81
Tyler Rodriguez,Miami Heat,G,6-5,240.3,Utah,33699973.69
Traci Young,Washington Wizards,F,7-8,163.2,Utah,26688490.4
Wayne Obrien,Brooklyn Nets,F-C,6-2,264.0,Michigan,15474602.64
Heather Ross,Dallas Mavericks,F-G,6-5,251.3,Utah,38072562.73
Ana Hale,Los Angeles Lakers,C,5-7,162.3,Kentucky,14323433.58
Marvin Case,Oklahoma City Thunder,G,7-0,250.5,Gonzaga,1305010.68
Melissa Brown,Chicago Bulls,F,5-7,240.3,Villanova,10621626.01
Kathryn Kim,Indiana Pacers,F,7-9,275.6,North Carolina,6968749.5
Julie Howard,Golden State Warriors,G,7-0,271.5,Utah,28743080.85
Brandon Oneill,Brooklyn Nets,G-F,7-10,189.1,Arizona,24216258.79
Michael Lee,Charlotte Hornets,C-F,7-0,201.7,Real Madrid,3223791.09
Dana Murphy,Oklahoma City Thunder,C,5-6,258.7,North Carolina,14806427.52
Cheyenne Castillo,Utah Jazz,C-F,6-11,178.4,Michigan,38636212.38
Anita Torres,Detroit Pistons,G-F,7-7,215.8,Texas,10197059.18
Stephanie Harris,Washington Wizards,G,6-7,189.3,Fenerbahce,26893444.58
Charles Stephens,Houston Rockets,G,6-5,181.8,Villanova,10704920.15
John Morse,Detroit Pistons,G-F,7-4,226.7,Villanova,28942949.23
Phillip West,Miami Heat,G-F,5-11,217.1,Elan Chalon,1181108.74
Kevin Meyers,Golden State Warriors,F,6-11,189.2,Maryland,21471416.28
Cody Rose,Los Angeles Lakers,F-C,7-5,202.2,Fenerbahce,10430445.21
Jacqueline Meadows,Charlotte Hornets,F-C,5-5,174.3,Michigan,29674883.81
Ralph Chapman,Detroit Pistons,F-C,7-8,231.6,North Carolina,12201735.3
Jennifer Harris,Indiana Pacers,F,6-0,245.0,UCLA,38984649.78
Megan Calderon,Minnesota Timberwolves,C,7-2,236.5,Elan Chalon,984483.43
Brittany Wong,Golden State Warriors,F-G,6-7,200.9,Kentucky,34538057.1
Megan Gonzalez,Charlotte Hornets,C-F,5-6,219.0,Kentucky,32540112.01
Marc Blankenship,Golden State Warriors,G,5-1,227.0,Real Madrid,31734262.78
Kimberly Nelson,Denver Nuggets,C-F,7-6,214.1,Fenerbahce,23746742.98
Bonnie Novak,Los Angeles Lakers,C,7-9,167.2,North Carolina,8707622.28
James Garcia,Dallas Mavericks,C,7-1,178.8,Michigan,6683038.31
Christopher Shannon,Los Angeles Lakers,F-G,7-9,216.4,Kentucky,28424755.28
Derek Evans,Philadelphia 76ers,C-F,6-1,242.5,Texas,25189791.28
Allison Pace,Orlando Magic,C-F,5-6,173.8,Gonzaga,36382252.09
Kimberly Frost,San Antonio Spurs,F,5-0,179.9,Arizona,33057491.9
Jeffery Gregory,Washington Wizards,C,6-1,216.2,Arizona,37735711.51
Eric Alvarado,Milwaukee Bucks,G-F,6-7,169.7,Kentucky,29514089.97
Stacy Mcintyre,New York Knicks,C,5-1,187.5,Duke,27055122.58
Tom Rose,Detroit Pistons,G-F,5-2,216.5,Fenerbahce,7668821.32
Johnny Stephens,New Orleans Pelicans,F-G,7-7,276.3,Elan Chalon,13665681.55
Jesse Munoz,Orlando Magic,G,5-5,209.4,Elan Chalon,37835144.81
Robin Cochran,San Antonio Spurs,C-F,7-0,214.6,Wichita State,5078903.26
Don Bridges,Portland Trail Blazers,F-G,7-0,238.9,Fenerbahce,7909510.39
Rachel Davis,Indiana Pacers,G-F,6-10,213.0,Kentucky,22194175.74
Joseph Martinez,Washington Wizards,C,6-11,218.2,Duke,24550430.85
David Rowe,Denver Nuggets,F-C,5-4,226.1,Real Madrid,39694157.01
Patrick Thomas,Washington Wizards,G,6-1,237.7,UCLA,28805831.38
Lacey Hardin,Milwaukee Bucks,F-C,6-6,260.2,Elan Chalon,22274970.54
Ryan Chang,LA Clippers,F,7-8,249.6,UCLA,11411772.41
Jennifer Sheppard,Sacramento Kings,C-F,6-5,272.1,Texas,11672139.84
Taylor Gross,Golden State Warriors,C-F,7-9,279.9,Elan Chalon,18138622.03
Richard Villarreal,Miami Heat,C,6-8,251.5,Utah,13210205.33
Joseph Lowery,Dallas Mavericks,F-C,5-9,206.0,Real Madrid,
Aaron Kelley,Phoenix Suns,F-G,7-6,206.3,UCLA,1962274.65
Brian Vargas,Milwaukee Bucks,G-F,6-1,264.9,Fenerbahce,36462446.27
Thomas Rivera,Atlanta Hawks,F-C,5-6,264.5,UCLA,31370249.01
David Sampson,Detroit Pistons,C,7-11,207.7,Kansas,34167482.79
Kenneth Jones,Toronto Raptors,G-F,6-5,235.2,Elan Chalon,1918014.44
Christina Weaver,Brooklyn Nets,F,7-10,270.5,Gonzaga,17641873.14
Robert Boone,Charlotte Hornets,C-F,7-11,264.7,Fenerbahce,12328910.17
Kelly Morrow,Atlanta Hawks,G,6-0,195.2,Maryland,10145798.57
Jonathan Hickman,Los Angeles Lakers,G-F,7-2,180.4,Kansas,15610499.8
Amy Bailey,Orlando Magic,F,6-9,177.2,Fenerbahce,18653034.72
Douglas Jennings,Orlando Magic,G,6-4,241.3,Michigan,37836807.58
Chelsea Anderson,New Orleans Pelicans,C,7-6,242.8,Fenerbahce,8369071.46
Mark Ayala,LA Clippers,C-F,6-1,188.5,Maryland,39711335.72
Robert Stephens,Golden State Warriors,G,7-6,192.9,Kentucky,29934300.09
Lee Ochoa,San Antonio Spurs,C,5-9,256.2,Gonzaga,25025200.94
James Allen,Orlando Magic,C-F,7-10,241.7,UCLA,36184446.31
Elizabeth Romero,Oklahoma City Thunder,G,6-7,164.0,Maryland,4060268.34
Adam Dyer IV,Golden State Warriors,C,7-6,181.1,UCLA,35120193.57
Megan Snyder,Indiana Pacers,G-F,7-4,259.7,Texas,37795418.74
Jennifer Mann,Sacramento Kings,C,7-5,256.5,Fenerbahce,6059902.09
Sierra Cantu,Denver Nuggets,C-F,7-11,240.9,Utah,32281211.94
Eric Collins,Indiana Pacers,G,6-0,191.7,North Carolina,27076721.08
Stephen Oliver,Orlando Magic,C,7-6,258.7,Maryland,9735965.14
Fernando Hoffman,Atlanta Hawks,G-F,7-5,269.8,Gonzaga,25598454.93
Heather Greene,Memphis Grizzlies,F-C,6-10,209.0,UCLA,
Jordan Hale,Boston Celtics,C,6-1,171.7,UCLA,15154954.86
Tina Gonzalez,Phoenix Suns,F-C,7-6,230.5,UCLA,26369414.95
Haley Wilson,San Antonio Spurs,F-G,7-6,272.7,Texas,
Emily Anthony,Indiana Pacers,F,6-7,274.1,Maryland,27584370.49
Donna Boyd,Minnesota Timberwolves,F-C,6-0,207.8,Villanova,37985926.14
Brent Lynch,San Antonio Spurs,F-G,5-10,185.5,Duke,13673611.68
Christy Williams,Chicago Bulls,C-F,7-3,168.2,Villanova,32615592.75
Sonya Larson,Denver Nuggets,C,5-9,160.3,UCLA,21838510.55
Robert George,Sacramento Kings,F,5-10,264.0,UCLA,
Leah Hardin,Sacramento Kings,C-F,5-9,198.9,Michigan,5506962.48
Theresa Pitts,Los Angeles Lakers,G-F,5-11,167.6,Fenerbahce,20772899.33
Thomas Wilson,Charlotte Hornets,F-G,7-3,273.4,Kentucky,36395691.67
Jessica Griffin,Orlando Magic,G-F,6-7,237.2,Duke,19419785.48
Elizabeth Nichols,LA Clippers,F-G,7-1,218.8,Fenerbahce,3691223.86
Lauren Brown,New York Knicks,F,5-2,193.0,Wichita State,24096978.28
Ian Oliver,Golden State Warriors,F-G,7-9,211.6,North Carolina,26211208.26
Louis Davila,Portland Trail Blazers,G-F,7-3,211.6,Gonzaga,33183059.38
Sarah Diaz,LA Clippers,F-G,7-1,197.5,Wichita State,15284890.43
Rodney Price,Chicago Bulls,F-C,6-1,170.9,Kansas,4314295.09
Erin Scott,Phoenix Suns,C,5-8,167.2,Wichita State,16726941.0
Aaron Ellis,Toronto Raptors,F-C,6-11,166.2,Arizona,14390024.33
Joanne Brown,New Orleans Pelicans,G-F,5-2,238.8,Gonzaga,14329502.77
Mr. Matthew Blanchard,Minnesota Timberwolves,C,5-4,228.9,Real Madrid,38994590.78
Laura Martinez,San Antonio Spurs,G-F,7-10,237.1,Duke,26484333.51
Emily Phillips,Philadelphia 76ers,C,5-2,192.8,Arizona,14365425.12
Rachel Hall,Cleveland Cavaliers,C-F,5-9,238.9,Kansas,25510294.5
Kathryn Jones,Atlanta Hawks,G,7-8,185.8,Real Madrid,6717666.4
Tina Wilson,Golden State Warriors,F-C,6-9,231.5,Kentucky,30300217.23
Joseph Howard,Boston Celtics,F-C,5-4,213.2,Real Madrid,17960745.37
Ashley Mitchell,Detroit Pistons,F,7-1,201.4,North Carolina,27300207.06
Roger Martinez PhD,Miami Heat,G-F,7-4,165.5,Utah,2663887.36
Rachel Mitchell,Dallas Mavericks,C,5-2,251.7,Arizona,805331.31
Russell Erickson,Phoenix Suns,F-G,5-2,205.6,Gonzaga,33417491.0
Shirley Patel,Sacramento Kings,C,5-6,263.4,Kentucky,18660292.89
Alyssa Smith,Brooklyn Nets,C-F,6-9,211.5,Utah,16998911.41
Christopher Tran,Charlotte Hornets,F-G,5-5,180.6,Fenerbahce,36830905.19
Edward Gillespie,Brooklyn Nets,F-G,5-3,212.3,Utah,16132784.53
Brandon Smith,Golden State Warriors,F-C,6-3,200.0,Michigan,25512374.35
Kathy Thomas,Milwaukee Bucks,G-F,5-5,202.1,UCLA,6284546.62
Randy Salas DDS,Dallas Mavericks,F,7-2,251.2,Kansas,31027499.53
Mario Baker,Miami Heat,F-G,7-9,213.9,Wichita State,25275087.57
Jenna Sullivan,Chicago Bulls,F-G,5-7,213.1,Arizona,23861080.39
Tina Reyes,Indiana Pacers,G-F,5-4,215.4,Kentucky,33352016.95
Jeffrey Carlson,Brooklyn Nets,F-C,5-9,231.3,Utah,22395496.67
Angela Hahn,Sacramento Kings,F-C,5-7,269.1,Villanova,19287346.6
Taylor Allen,Chicago Bulls,G,6-1,257.3,Wichita State,3831000.71
Russell West,Oklahoma City Thunder,F,5-3,244.9,Fenerbahce,24587313.55
Linda Price,Indiana Pacers,C,6-6,209.1,Wichita State,2568437.94
David Coleman,Oklahoma City Thunder,F-C,6-1,199.6,Utah,29087479.37
James Marshall,Orlando Magic,G-F,5-5,169.8,UCLA,12754153.63
Michael Webb III,Oklahoma City Thunder,F-C,7-6,175.5,Kansas,15378832.59
Christopher Morris,Sacramento Kings,C,5-10,244.3,Kansas,17224551.47
Felicia Contreras,Indiana Pacers,G,6-4,181.6,Villanova,30763170.2
Ryan Burke,Dallas Mavericks,F,5-2,169.3,North Carolina,21820944.96
Alec Peck,Phoenix Suns,G-F,5-10,200.4,UCLA,6592984.07
Robert Anderson,Cleveland Cavaliers,C-F,7-9,257.1,Michigan,2225850.9
Jesse Frey,Indiana Pacers,F-C,7-3,276.4,Arizona,31460114.2
Kelly Sullivan,Denver Nuggets,G-F,5-4,275.9,Elan Chalon,8163638.96
Austin Aguilar,Orlando Magic,G-F,6-7,252.3,Utah,17037102.66
David Hays,Cleveland Cavaliers,C-F,5-9,176.6,Texas,19483330.89
Daniel Harrison,Indiana Pacers,G-F,5-11,261.5,North Carolina,30643114.8
Cameron Brown,Detroit Pistons,F-G,7-2,259.7,Kansas,9270501.27
Martin Wright,Memphis Grizzlies,C,5-6,166.4,Maryland,39783751.37
Donna Johnson,Indiana Pacers,F,5-5,271.7,Wichita State,5935183.72
Theresa Jimenez,Golden State Warriors,C-F,6-11,259.7,Elan Chalon,707422.33
Thomas Brown,Brooklyn Nets,G,6-3,260.2,Real Madrid,11880012.33
Michael Brooks,Golden State Warriors,G,5-3,210.4,Fenerbahce,33549164.96
Gloria Douglas,Miami Heat,G-F,7-0,235.8,Gonzaga,12005243.52
Ashley Pierce,Atlanta Hawks,G-F,6-3,228.5,Michigan,3881751.22
Mary Mclean,Indiana Pacers,G,7-8,220.9,Duke,19070335.59
Craig Collins,Oklahoma City Thunder,F-G,6-4,249.7,Maryland,14119698.48
Jason Brady,Phoenix Suns,F-C,7-1,252.6,Wichita State,14415812.32
Valerie Brown,Houston Rockets,C-F,7-2,259.6,Fenerbahce,19401981.28
Stephen Hopkins,Cleveland Cavaliers,C-F,5-1,245.9,Fenerbahce,
Mr. Paul Terrell,Dallas Mavericks,G,5-0,197.9,Arizona,39570346.74
Linda Pierce,Minnesota Timberwolves,F-G,6-0,250.4,Villanova,34554471.95
Kimberly Murray,Boston Celtics,C-F,7-5,192.8,Maryland,16300860.1
Noah Duncan,Memphis Grizzlies,F-G,6-2,219.5,Elan Chalon,31992989.77
Tiffany Jones,Detroit Pistons,C-F,5-11,210.9,Real Madrid,32982480.54
Christopher Cole,Minnesota Timberwolves,C,6-1,169.6,Arizona,24303554.3
Mary Williams,Los Angeles Lakers,F,7-7,202.2,Kentucky,36508485.62
Gary Simmons,New York Knicks,F-G,6-10,277.6,Kentucky,25681745.25
Andrew Bowman,Indiana Pacers,G-F,7-10,179.2,Duke,24499129.68
Derrick Harmon,Sacramento Kings,F-G,5-2,168.1,Maryland,38003950.92
Kathleen Davis,Boston Celtics,G-F,5-10,214.0,Maryland,30641836.64
Kevin Allen,New Orleans Pelicans,F,7-5,207.8,Texas,4981220.2
Tiffany Poole,Phoenix Suns,F,6-8,206.4,North Carolina,10781445.96
David Gonzalez,Memphis Grizzlies,F,7-4,243.3,Elan Chalon,5861272.5
Christopher Johns,Brooklyn Nets,F-G,5-11,213.4,Kansas,38718668.84
Julia Davis,Houston Rockets,F-C,6-11,167.8,Arizona,34128801.0
Derek Monroe,Philadelphia 76ers,F-C,7-10,180.9,Maryland,5293816.98
Tara Strickland,Dallas Mavericks,C-F,5-3,254.8,Duke,23104957.58
Mr. Daniel Bowers,Memphis Grizzlies,C-F,7-2,233.4,Kansas,16227319.24
James Cox,Philadelphia 76ers,F-C,6-8,209.3,Real Madrid,3413153.16
Nicole White,Houston Rockets,F-C,5-7,215.9,Maryland,33247622.26
Robert Murphy,Minnesota Timberwolves,F-C,7-2,252.1,UCLA,36473134.7
Elizabeth Miller,Boston Celtics,C-F,5-8,178.4,Michigan,37422144.55
Lauren Parker,Denver Nuggets,C,7-4,261.5,Texas,38275889.27
Matthew Johnson,Detroit Pistons,F,7-4,233.7,Kansas,7161118.12
Amanda Crawford,New Orleans Pelicans,F,5-10,234.9,Wichita State,22762912.36
William Hunter,San Antonio Spurs,C-F,5-1,165.5,Texas,30794880.54
Ray Carter,Los Angeles Lakers,G-F,7-0,219.8,Arizona,12432717.46
Christopher Young,Denver Nuggets,C-F,7-6,195.7,Kansas,6744177.66
Christopher Munoz,Los Angeles Lakers,F-G,6-3,200.8,UCLA,28875333.96
Jennifer Ellison,Phoenix Suns,C-F,6-6,175.7,Maryland,4694265.38
William Johnson,Denver Nuggets,F-G,5-4,214.0,UCLA,11963374.2
Joshua Johnson,LA Clippers,C-F,7-6,189.8,Michigan,37383185.64
Frank Anderson,Phoenix Suns,C,5-2,219.8,Fenerbahce,12687349.04
David Smith,Atlanta Hawks,G,6-8,214.9,Gonzaga,14439356.01
Tonya Collins,Boston Celtics,C,6-9,265.9,Elan Chalon,823007.53
Richard Long,Charlotte Hornets,F-G,5-4,247.3,Utah,16322974.03
Heather Eaton,New Orleans Pelicans,G-F,5-5,226.4,Kansas,18288998.04
Heather Johnson,Minnesota Timberwolves,C,7-10,233.3,UCLA,16059196.65
Jon Moore,Sacramento Kings,C,7-5,250.6,Villanova,16354789.83
Samantha Rosales,Boston Celtics,G,5-2,245.6,Elan Chalon,6383156.25
Ryan Watkins,Utah Jazz,G-F,5-5,271.8,Wichita State,39629321.63
Ronald Murphy,Phoenix Suns,C-F,6-9,200.4,Elan Chalon,12341727.31
Daniel Rodriguez,San Antonio Spurs,G,6-5,240.9,Real Madrid,31971815.15
Elizabeth Huffman,Phoenix Suns,C-F,7-10,163.2,Elan Chalon,26395843.4
Jennifer Thompson MD,Portland Trail Blazers,G-F,7-3,246.6,Elan Chalon,25346497.03
Jennifer Duran,New York Knicks,C-F,6-2,258.6,Gonzaga,
Christopher James,Philadelphia 76ers,G,5-0,212.9,Real Madrid,27774760.31
Mark Drake,Los Angeles Lakers,G-F,7-7,264.7,Kentucky,20987986.86
Jeanne Kim,Minnesota Timberwolves,C,7-7,223.1,Wichita State,18656709.51
Jennifer Fleming,Minnesota Timberwolves,C,7-5,241.1,Texas,8094434.68
Heather Valencia,Denver Nuggets,C,7-4,187.0,Arizona,28343587.01
Lisa Marshall,Philadelphia 76ers,F-C,6-5,217.6,Texas,23152333.75
Kimberly Edwards,Minnesota Timberwolves,F-G,6-5,274.6,UCLA,11861398.49
Rebecca Cline,Philadelphia 76ers,G,6-7,238.7,Elan Chalon,33204092.29
Michael Williamson,Detroit Pistons,G-F,7-4,176.5,Gonzaga,26958441.61
Pamela Ray,Milwaukee Bucks,F,7-3,166.3,Real Madrid,19159954.33
Sarah Alexander,Orlando Magic,C-F,5-0,275.7,Michigan,37433767.89
Mario Guzman,Utah Jazz,F-G,6-10,183.9,Arizona,26012967.76
Robert Clark,Washington Wizards,C-F,5-10,228.9,Kentucky,7415058.63
Theresa Crawford,Utah Jazz,C-F,5-0,279.7,Utah,7859309.46
Gary Dyer,Phoenix Suns,C-F,6-0,161.1,North Carolina,13734163.49
Gina Beard,Memphis Grizzlies,F-C,7-8,219.3,UCLA,18986820.38
Miss Lauren Brooks,Dallas Mavericks,C-F,5-5,179.5,Fenerbahce,28884627.85
Dennis Wilkerson,Atlanta Hawks,F-C,6-4,228.1,Villanova,34317786.92
Sean Chan,Utah Jazz,F-G,6-8,199.4,Utah,7798857.44
Steven Price,Chicago Bulls,F-G,6-3,160.8,Utah,30273387.75
Melissa Collins,Houston Rockets,C,7-11,228.7,Texas,27864359.32
Anthony Franco,Boston Celtics,F-C,5-7,196.8,Utah,36962687.55
Angela Duran,Utah Jazz,F-C,6-11,174.1,Arizona,9223544.98
Charles Powell,Chicago Bulls,F-G,5-7,249.7,Maryland,22194763.1
Pamela Moses,Miami Heat,C-F,7-10,259.1,Gonzaga,24034671.39
Elizabeth Spencer,Sacramento Kings,G,7-7,223.4,Maryland,22784664.53
Emily Jones,Boston Celtics,C-F,7-8,184.3,UCLA,34252197.29
Nicole Howard,Memphis Grizzlies,G,7-3,246.0,Elan Chalon,20659826.48
William Newman,Sacramento Kings,G,6-2,221.6,Fenerbahce,22572489.36
Anthony Riley,Orlando Magic,C-F,6-11,162.6,Texas,29959277.07
Amanda Lang,New Orleans Pelicans,G,5-6,201.3,Kansas,2880097.44
Jeremy Miller,Utah Jazz,G,6-0,194.5,Michigan,30750193.48
Brittany Martin,Phoenix Suns,F-C,6-5,279.1,Utah,36726045.53
Debbie Murphy,LA Clippers,F-G,5-10,275.7,UCLA,14236910.54
Joel Williams,Cleveland Cavaliers,G-F,6-8,175.3,Gonzaga,30369086.89
Ryan Perez,Golden State Warriors,F-G,7-11,225.3,Utah,10276725.52
Stephen Ho,Indiana Pacers,F,6-3,272.5,North Carolina,
Timothy Montgomery,Orlando Magic,F-G,7-0,188.9,Kansas,1826262.89
Jacqueline Walker,New York Knicks,F-C,7-0,189.4,Kentucky,9756401.5
Daniel Mack,Dallas Mavericks,C-F,5-2,220.5,Arizona,36697682.81
Matthew Reed,New Orleans Pelicans,C,7-9,252.7,Wichita State,35112203.73
Patrick Moore,Orlando Magic,G-F,5-6,196.1,Kentucky,23870851.33
Mrs. Kimberly Mendez MD,Phoenix Suns,F,7-10,211.3,Elan Chalon,
Jeffrey Smith,Indiana Pacers,F-C,7-6,254.3,Wichita State,16626237.48
Nicholas Ferguson,Golden State Warriors,F-G,5-8,216.8,Gonzaga,28449283.5
Vanessa Mays,Sacramento Kings,F-G,5-8,209.5,Real Madrid,5796663.67
Frederick Nelson,Denver Nuggets,C,5-5,237.6,Fenerbahce,4152327.86
Shelley Johnson,Phoenix Suns,C-F,5-0,192.2,Kentucky,7932450.11
Annette Simmons,Portland Trail Blazers,G-F,7-10,227.1,Elan Chalon,36327796.69
Mrs. Cassandra Stone,Golden State Warriors,G,5-3,275.4,North Carolina,30296064.35
Alan Gonzalez,Washington Wizards,F,7-9,244.5,Utah,22307132.06
Mackenzie Singleton,Portland Trail Blazers,C,6-7,224.0,Maryland,14705962.41
Mr. Tony Lambert,Utah Jazz,F-G,6-1,256.3,Elan Chalon,13149214.75
Erin Li,Dallas Mavericks,C,6-6,165.5,Gonzaga,1140686.09
Catherine Jones,Minnesota Timberwolves,G-F,7-11,210.1,UCLA,9585735.73
Karen Gallagher,New Orleans Pelicans,C-F,5-7,226.1,Wichita State,32952881.62
Tracy Gregory,Phoenix Suns,F-C,7-7,215.3,Maryland,28952384.47
Christina Ramirez,Miami Heat,F,7-10,274.9,Kentucky,3436051.25
Donna Dalton,San Antonio Spurs,F-C,5-0,209.5,Gonzaga,6465671.04
Nicole Green,Dallas Mavericks,G-F,6-5,167.3,Elan Chalon,1121404.79
Kyle Fields MD,Minnesota Timberwolves,G-F,6-0,162.0,Texas,11824197.19
Sharon Anderson,Milwaukee Bucks,C-F,7-10,211.7,Michigan,4304398.66
Karen Wheeler,Chicago Bulls,F,5-9,223.2,Maryland,16177408.69
Denise Brown,Indiana Pacers,F-G,6-9,189.2,Gonzaga,33208452.11
Tommy Arroyo,Brooklyn Nets,F-C,7-0,171.2,Utah,19302201.46
Joseph Serrano,Oklahoma City Thunder,G,7-2,169.9,Real Madrid,13585189.37
Michael Rhodes,Toronto Raptors,G,7-0,187.6,Elan Chalon,37004291.03
James Campbell,Orlando Magic,C,7-9,239.0,Michigan,12922145.38
Casey Moran,Dallas Mavericks,G-F,5-11,258.5,Kansas,22776348.89
Brian Best,New Orleans Pelicans,C-F,6-10,267.6,Wichita State,29719934.25
John Patel,Sacramento Kings,F-C,7-1,220.1,Maryland,17764985.99
Carol Neal,San Antonio Spurs,G,6-9,252.3,Utah,13391877.56
Brandi Brown,Oklahoma City Thunder,C,6-7,187.4,Utah,27347946.89
Sandy Smith,Orlando Magic,F-G,5-9,195.4,Gonzaga,3740501.38
Victoria Ortiz,Chicago Bulls,F-G,7-10,178.5,Utah,4708761.25
Chris Cox,Atlanta Hawks,C,6-5,251.4,North Carolina,7901975.45
Crystal Mccann,Memphis Grizzlies,G-F,7-8,209.0,Duke,22391682.31
Elizabeth Jenkins,New York Knicks,G-F,6-6,161.5,Real Madrid,3845630.92
Christine Tyler,Utah Jazz,G-F,5-9,222.5,Utah,11122299.06
Carrie Vasquez,Detroit Pistons,F-G,5-1,180.1,Texas,19627136.9
Jason Macdonald PhD,Brooklyn Nets,C,6-3,246.5,Elan Chalon,8224154.88
Tanya Brown,Charlotte Hornets,F,6-0,273.9,Wichita State,15505653.27
Tiffany Hopkins,Toronto Raptors,C,6-5,211.7,UCLA,24326845.1
Cassandra Young,Philadelphia 76ers,F,6-5,181.3,Utah,12012201.99
Adam Williams,Philadelphia 76ers,F-C,6-9,253.8,Wichita State,32751533.36
Nancy Armstrong,LA Clippers,C,5-9,184.0,Michigan,22228916.7
Kyle Case,Phoenix Suns,F-G,7-3,212.6,Arizona,3231767.54
Thomas Dickerson,Toronto Raptors,C-F,6-10,219.9,Arizona,26517187.26
Stacey Young MD,Philadelphia 76ers,F-G,6-1,213.9,Elan Chalon,21607512.35
Jasmin Anthony,Washington Wizards,C-F,7-6,225.2,Maryland,32585730.54
Bobby Hanson,New York Knicks,F-C,5-1,252.3,Maryland,24700777.14
Donald Maldonado,New Orleans Pelicans,F-C,7-10,208.0,Wichita State,17502993.98
Kristine Montgomery,Atlanta Hawks,G,6-3,221.3,Gonzaga,15949799.66
Jeffrey Kennedy,Portland Trail Blazers,F-C,7-11,220.1,Maryland,19569457.84
Adam Stokes,Golden State Warriors,F-G,5-1,259.8,UCLA,14051133.89
Edward Acevedo,Sacramento Kings,F,7-7,201.8,North Carolina,28022148.99
Mr. David Lewis MD,Houston Rockets,G,6-0,257.2,North Carolina,
John Johnson,Houston Rockets,F-C,5-10,256.0,Gonzaga,22300456.45
Bernard Travis,Houston Rockets,G-F,6-7,187.8,Utah,7862283.55
Heather Gonzales,Orlando Magic,F-G,6-0,248.5,Villanova,17467337.22
Matthew Mills,Atlanta Hawks,F-C,5-3,193.4,Kansas,32080343.1
Robert Simpson,Minnesota Timberwolves,F,6-5,183.6,North Carolina,34574143.62
Brian Cook,Milwaukee Bucks,F-C,6-9,206.6,Utah,14243023.18
Matthew Miles,Toronto Raptors,F-G,7-2,257.6,Arizona,23811650.42
Laura Moore,Orlando Magic,F,6-1,188.6,North Carolina,27890743.4
Ryan Gonzalez,Milwaukee Bucks,F-G,6-9,176.5,Utah,19723473.52
Charles Andrews,Minnesota Timberwolves,F-C,7-2,226.6,Elan Chalon,7890393.91
George Strickland,San Antonio Spurs,F-G,7-0,263.9,Duke,8207575.42
Patricia White,LA Clippers,G-F,7-10,219.4,Elan Chalon,33675726.18
Kelly Short,Miami Heat,F,5-9,163.7,Gonzaga,11356690.27
Latoya Coleman,Minnesota Timberwolves,C,5-7,227.9,Elan Chalon,4971834.31
George Smith,Charlotte Hornets,C,7-5,225.0,Kentucky,17933979.9
Olivia Higgins,Dallas Mavericks,F-G,5-11,259.6,Gonzaga,39972850.44
James Davis,Memphis Grizzlies,C,6-1,212.7,North Carolina,9859369.19
Erica Taylor,Sacramento Kings,F-C,7-11,202.1,Real Madrid,5999781.15
Alexis Barnes,Dallas Mavericks,C-F,5-0,228.4,Texas,7150905.9
Anthony Davis,Philadelphia 76ers,C,6-9,192.1,North Carolina,30128718.39
Christopher Warren,Los Angeles Lakers,G,6-10,175.2,UCLA,28600096.53
Veronica Flores,San Antonio Spurs,F,7-6,218.7,Texas,15319306.95
Kendra Hodges,Brooklyn Nets,F-C,5-6,221.9,Texas,35154035.59
Linda Hall,Memphis Grizzlies,F-G,6-9,160.3,Kansas,18608745.64
Christopher Thomas,Orlando Magic,F-C,6-1,255.5,Utah,17470902.48
Stacy Knox,Dallas Mavericks,F-G,6-5,259.4,Wichita State,5658472.89
Jasmine Adams,Toronto Raptors,F-G,6-10,251.5,Kentucky,31463645.59
Jim Lucas,Memphis Grizzlies,G,5-2,213.0,Duke,17398072.38
Joyce Bean,Philadelphia 76ers,F,7-4,179.1,Texas,14737197.64
Kevin Smith,Brooklyn Nets,C,7-10,179.9,Utah,29176540.36
Michelle Wilson,Portland Trail Blazers,F,6-10,170.9,North Carolina,
Larry Berger,Miami Heat,G,5-9,187.1,Fenerbahce,
Brian Sheppard,Philadelphia 76ers,C,5-6,243.3,Elan Chalon,15631262.06
Kerry Johnson,Phoenix Suns,C-F,5-1,197.6,Arizona,31051689.1
Aaron Garcia,Portland Trail Blazers,C-F,5-10,279.2,UCLA,22750002.97
Krista Campbell,New York Knicks,F-C,5-7,202.1,Villanova,6479278.17
Henry Zavala,Los Angeles Lakers,G-F,7-7,263.2,Kansas,6030519.09
Jennifer Hutchinson,Charlotte Hornets,G-F,7-6,202.2,Real Madrid,6023292.46
Adam Wilson,Detroit Pistons,F-C,5-3,226.4,Arizona,27773804.96
Richard Powell,Toronto Raptors,C-F,7-4,184.7,Villanova,12173911.02
Nicole Greene,Boston Celtics,C-F,5-7,206.3,Gonzaga,23960225.84
Brian Guzman,Milwaukee Bucks,G,6-5,175.8,Real Madrid,27476210.94
Anne Anderson,Portland Trail Blazers,F-G,5-0,230.5,Duke,2073161.05
Kyle Kennedy MD,Boston Celtics,C-F,6-8,194.4,Real Madrid,16389957.72
Angela Lewis,Oklahoma City Thunder,G-F,7-9,178.3,Kansas,20696535.58
Matthew Anderson,Dallas Mavericks,C-F,5-8,199.2,Kansas,17780698.7
Erik Hardy,Toronto Raptors,F,5-3,170.3,Real Madrid,24685723.38
Julian Walker,Boston Celtics,C,7-11,239.0,Michigan,28462073.98
Joyce Lopez,Philadelphia 76ers,G,5-7,274.4,Texas,5513759.0
Curtis Frey,Portland Trail Blazers,C-F,6-11,266.4,Duke,17458320.49
Lisa Jones,Milwaukee Bucks,G,6-11,277.0,Kansas,20675884.24
David Ruiz,Boston Celtics,F-G,7-2,204.1,Texas,35823602.6
Mary Potts,Orlando Magic,F-C,5-3,248.9,Duke,
Mallory Gray,Toronto Raptors,G,5-0,216.6,Utah,7568956.88
Aaron Shaw,Toronto Raptors,G,7-11,248.9,Real Madrid,10306395.74
Michael Rocha,Washington Wizards,F-C,6-4,259.1,Maryland,27096365.81
Eric Costa,Boston Celtics,F,5-8,277.8,Utah,18871220.03
Jessica Boyd,Golden State Warriors,C-F,6-5,170.4,Fenerbahce,
Ernest Moore,Dallas Mavericks,C,7-4,248.7,Gonzaga,23871791.93
Geoffrey Dalton,Miami Heat,C-F,5-11,268.1,Gonzaga,37329702.54
Dale Nguyen,Atlanta Hawks,F,7-5,236.3,Duke,557750.6
Elizabeth Walker,Orlando Magic,F-G,7-11,196.9,Villanova,9907619.98
Carla Galvan,Miami Heat,G,5-11,193.6,Kentucky,35942855.14
Patricia Jones,Milwaukee Bucks,F-G,7-5,215.0,Kansas,20464396.67
Amber Callahan,Oklahoma City Thunder,C-F,6-1,231.0,Kentucky,38586621.85
Bryan Carr,Denver Nuggets,C,6-5,271.1,Utah,29546438.32
Stephen Stewart,Houston Rockets,F-G,6-3,169.0,Villanova,30920791.5
Chelsea Andersen,Charlotte Hornets,F,5-2,213.9,Wichita State,21669019.69
Angela Carter,Portland Trail Blazers,F,6-4,215.6,North Carolina,32400077.73
Samantha Ward,Golden State Warriors,C-F,7-11,232.4,Villanova,13447849.53
Ashley Henderson,Brooklyn Nets,F-C,5-5,207.5,Kentucky,10776588.31
Danielle Cain,Cleveland Cavaliers,G,6-7,226.7,Gonzaga,4525340.27
Thomas Chapman,Sacramento Kings,F,5-0,167.4,Gonzaga,33035099.9
Amanda Hardy,Indiana Pacers,F-C,7-10,170.1,Texas,3461993.64
Sara Dunn,Brooklyn Nets,F,7-7,257.1,Kansas,33259569.0
Amy Smith,Houston Rockets,G,5-7,166.1,Real Madrid,16102448.18
Keith Huang,Atlanta Hawks,F-G,7-6,180.7,Villanova,11361779.88
Cynthia Johnson,Memphis Grizzlies,F,5-9,234.3,Gonzaga,20206218.59
Raymond Brady,Utah Jazz,G-F,6-0,170.5,Utah,8378583.36
Travis Hernandez,Utah Jazz,C-F,7-3,235.7,Duke,31385672.79
Michael Wolfe,Indiana Pacers,F-G,7-7,201.3,Wichita State,7602727.01
Roger King,Houston Rockets,G-F,5-0,267.5,Texas,39665487.28
Robert Lucas,Milwaukee Bucks,C,7-3,276.9,North Carolina,10025535.41
Stephanie Reyes,Minnesota Timberwolves,C-F,7-0,251.7,Gonzaga,39315253.11
Brian Anderson,LA Clippers,C,5-2,188.4,Wichita State,28056249.26
Steven Watson,Washington Wizards,G-F,5-11,244.1,UCLA,7935229.76
Jacob Miller,Sacramento Kings,F-G,7-4,181.1,Kentucky,9688622.64
Kimberly Hampton,Denver Nuggets,G,7-7,160.1,Villanova,13959982.25
Marc Pierce,Cleveland Cavaliers,C-F,6-0,162.6,UCLA,33935995.06
Bethany Suarez,Toronto Raptors,C,5-5,244.5,Utah,13794162.31
Caitlin Hernandez,Houston Rockets,F,5-11,273.8,Elan Chalon,7381005.5
Ryan Mccoy,Minnesota Timberwolves,F-C,7-5,186.8,Michigan,29492801.45
Kenneth Sullivan,Golden State Warriors,F,5-11,160.2,Utah,30947800.51
Sarah Ward,New Orleans Pelicans,G,5-9,198.2,Gonzaga,4612354.2
Laurie Shelton,Miami Heat,F,6-11,169.3,Maryland,7131552.96
Sarah Maxwell,Utah Jazz,G,7-10,236.7,Wichita State,10975891.4
Jennifer Cain,Denver Nuggets,F-C,5-5,190.8,North Carolina,2401824.58
Richard Hull,Memphis Grizzlies,F-C,6-2,266.1,Elan Chalon,14373631.19
David Waters,LA Clippers,G,6-9,238.1,Gonzaga,3411520.89
Nicholas Delgado,Toronto Raptors,G,6-0,198.2,North Carolina,7219155.52
Anthony Cooper,LA Clippers,F,7-1,225.6,Kansas,39418405.96
Erin Guerrero,Utah Jazz,F-G,7-0,211.8,Michigan,17650915.2
Benjamin Green,Boston Celtics,G,6-3,276.9,Real Madrid,29020505.13
Kyle Phillips,Phoenix Suns,G-F,6-10,193.8,Gonzaga,16019637.48
Sabrina Hart,Minnesota Timberwolves,C-F,6-2,166.5,Duke,12134703.23
Daryl Rodriguez,Orlando Magic,F-C,7-7,184.0,Duke,25708531.03
Lisa Abbott,Brooklyn Nets,F-G,5-4,254.2,Elan Chalon,26611082.16
Darryl Turner,Brooklyn Nets,F-C,7-6,182.2,Utah,18108123.2
Patricia Allen,Detroit Pistons,F-G,6-4,187.1,Texas,6469661.64
Sheri Dominguez,Philadelphia 76ers,F-C,5-1,240.2,Real Madrid,23794194.47
Tina Martinez,Minnesota Timberwolves,G,6-8,210.2,Elan Chalon,9807859.77
Blake Russell,Golden State Warriors,G,6-11,164.2,UCLA,30408955.85
Kathryn Hutchinson,Cleveland Cavaliers,F,5-3,175.1,Real Madrid,27483456.04
Melanie Alvarez,Dallas Mavericks,C-F,7-2,260.1,Texas,29220568.86
Dominique Johnson,Sacramento Kings,G,5-6,226.8,Wichita State,21027683.01
Julia Sanchez,Washington Wizards,C-F,5-11,234.8,Real Madrid,6410871.62
Christopher Burch,New Orleans Pelicans,G-F,7-1,271.0,North Carolina,34765273.08
Julie Smith,Utah Jazz,C,6-4,206.0,Elan Chalon,19185341.33
Joy Clay,Cleveland Cavaliers,C,6-2,234.2,Utah,
Michelle Schroeder,Utah Jazz,C,7-3,165.9,Elan Chalon,35932738.8
Joseph Stevens,Atlanta Hawks,C,6-4,193.6,Elan Chalon,27551655.07
Belinda Hall,Toronto Raptors,F,5-4,276.9,Fenerbahce,13174298.46
Curtis Keller,Phoenix Suns,F-G,7-10,170.7,Fenerbahce,33046792.65
Evan Horn,Phoenix Suns,F-G,7-5,258.5,Michigan,28527991.24
Ashley Norman,LA Clippers,F,7-9,163.5,Villanova,8428707.66
Julie Cunningham,Boston Celtics,F,5-7,166.1,Maryland,11322111.19
Timothy Bates,San Antonio Spurs,F-G,7-6,236.2,North Carolina,10056554.74
Daniel Soto,Miami Heat,G-F,6-2,275.3,Elan Chalon,14315516.11
Anna Greene,Cleveland Cavaliers,C-F,6-11,259.7,Kansas,15769343.99
Eric Brown,Cleveland Cavaliers,C-F,7-3,262.9,Gonzaga,11128801.38
Tanner Flores,Los Angeles Lakers,G-F,5-10,161.1,UCLA,24245107.04
Debra Smith,Atlanta Hawks,F,6-9,256.6,Arizona,28520043.76
Claudia Sanchez,Detroit Pistons,F-G,6-5,215.1,Villanova,27249248.18
Dawn Walton,San Antonio Spurs,G-F,6-9,172.3,Maryland,23954015.43
Matthew Butler,Golden State Warriors,C,7-1,217.8,Wichita State,25803492.45
Sarah Gould,Toronto Raptors,C,6-10,245.3,Arizona,20933096.63
Samantha Smith,Denver Nuggets,G,7-6,239.3,UCLA,26388322.53
Gary Williams,Golden State Warriors,C,6-6,206.6,Kentucky,39792772.34
Tony Hines,San Antonio Spurs,F,6-11,245.6,Elan Chalon,27038804.8
David White,Milwaukee Bucks,C,5-10,265.2,Michigan,19095844.47
Earl Mitchell,Phoenix Suns,C,7-8,251.6,Michigan,36033850.74
Michael Henry,Oklahoma City Thunder,G,5-5,186.8,Arizona,35530320.21
Alisha Montoya,Indiana Pacers,C,7-4,215.7,North Carolina,34722538.1
Jamie Walton,New Orleans Pelicans,G-F,7-1,216.7,Villanova,34766161.31
James Anthony,LA Clippers,G-F,6-6,166.5,UCLA,8411715.34
Tamara Pearson,Los Angeles Lakers,G-F,6-2,198.0,Michigan,19759443.41
Linda Reid PhD,Oklahoma City Thunder,F,6-10,167.0,Fenerbahce,30567134.61
Randy Massey,Cleveland Cavaliers,G-F,5-7,254.2,Kansas,17631600.86
Patrick Ross,Los Angeles Lakers,F-G,6-7,206.0,Kentucky,29361033.28
Timothy Fuentes,Atlanta Hawks,C,7-3,162.1,Duke,10328513.35
Jonathan Reese,Philadelphia 76ers,C,6-2,172.3,Arizona,33041831.27
Julie Mitchell,Golden State Warriors,C,6-11,222.4,Wichita State,27627816.11
Jenny Miller,Chicago Bulls,C,6-5,250.0,Michigan,36769113.65
Mary Harris,LA Clippers,G,5-3,247.3,UCLA,1365574.25
Sara Clark,Milwaukee Bucks,F,5-5,245.3,Kentucky,25792682.87
Kimberly Short,Portland Trail Blazers,G-F,7-0,231.3,Kentucky,26315920.93
Richard White,Atlanta Hawks,G,7-1,210.0,Utah,10483162.58
Leah Bennett,Philadelphia 76ers,F,5-11,242.3,Duke,26635750.76
Eric Olsen,Orlando Magic,G-F,6-9,232.7,UCLA,35995566.04
David Snyder,Milwaukee Bucks,F-C,7-1,193.9,North Carolina,24555571.47
Belinda Mason,Portland Trail Blazers,C,7-3,203.0,Real Madrid,2056525.45
Mark Higgins,Miami Heat,F,7-7,199.7,Duke,
William Evans,Brooklyn Nets,G,7-10,219.3,Kansas,3464404.44
Justin Reyes,Phoenix Suns,G,6-10,187.7,Arizona,2478167.73
Michael Anderson,San Antonio Spurs,F,5-4,203.2,Wichita State,5078091.62
Karen Clark,Toronto Raptors,C-F,5-0,262.2,Michigan,35833840.89
Pamela Blankenship,New York Knicks,C,7-1,204.7,Wichita State,16330711.81
Dana Nelson,Memphis Grizzlies,C,6-11,262.1,Real Madrid,31977927.5
James Turner,Charlotte Hornets,F,7-11,167.0,Michigan,36493457.07
Walter Brown,Miami Heat,C-F,7-10,212.6,Utah,24648657.56
Travis Kelley,Toronto Raptors,F-C,7-2,218.0,Elan Chalon,16745728.42
Luis Bailey,Boston Celtics,G,6-10,197.7,Gonzaga,26958852.15
Wayne Jones,Houston Rockets,G-F,7-11,244.1,North Carolina,29202752.75
Julia Dodson,Miami Heat,C,7-10,237.0,UCLA,22554597.35
Kayla Stone,New York Knicks,G,5-10,272.1,Elan Chalon,34841917.57
Melinda Gallegos,Brooklyn Nets,C-F,6-5,188.9,Texas,9296907.67
Alexandra Campbell,Oklahoma City Thunder,F-G,6-3,169.5,Fenerbahce,18199894.13
Amber Banks,Toronto Raptors,F-G,6-5,174.2,Elan Chalon,1201880.59
Tiffany Gilmore,LA Clippers,F-G,5-8,225.9,Kansas,38545264.31
Drew Sims,Oklahoma City Thunder,C,7-8,184.8,Fenerbahce,14852027.86
James Hernandez,Boston Celtics,C-F,5-7,199.8,Elan Chalon,14850134.61
Cameron Davis,Memphis Grizzlies,G,5-10,186.6,Wichita State,25529616.63
Roy Larsen,Sacramento Kings,C,7-8,204.9,North Carolina,
Pamela Kim,Cleveland Cavaliers,F-G,5-11,249.1,Real Madrid,24628644.76
Christopher Marquez,Dallas Mavericks,G,6-3,214.8,Villanova,4756747.02
Daniel Wells,Los Angeles Lakers,G,7-10,230.7,Fenerbahce,23777988.58
Thomas Allen,Milwaukee Bucks,F,6-0,223.6,Kentucky,17596010.0
Angel Williams,New Orleans Pelicans,F-G,7-2,243.0,Michigan,5571080.39
Terry Strong,LA Clippers,F-C,7-9,265.9,Utah,24555250.9
Mary Wilson,Philadelphia 76ers,C-F,5-4,207.7,Wichita State,18387405.39
Curtis Duran,Chicago Bulls,F,6-9,244.0,Arizona,22138335.87
Mark Snyder,Houston Rockets,F-C,7-8,235.9,Villanova,28718189.16
Hannah Myers,Orlando Magic,C,7-2,277.8,Michigan,27925322.96
Robert Johnson,Houston Rockets,F-C,5-5,227.5,Real Madrid,35807707.05
Stuart Wagner,Minnesota Timberwolves,C,6-0,222.7,Duke,2596067.48
Joel Lopez,Boston Celtics,F,6-2,278.0,Texas,2950296.55
Lisa Bridges,Sacramento Kings,C,5-8,163.9,Fenerbahce,34787397.26
Alexandria Gardner,Phoenix Suns,G-F,5-11,237.7,Utah,31480133.33
Andre Smith,Sacramento Kings,F-C,6-11,239.7,Utah,38289727.82
Seth Bailey,Orlando Magic,C,7-0,161.6,Texas,34819573.47
Allison Krause,Toronto Raptors,C-F,6-3,269.4,Maryland,22091297.9
Christopher Torres,New York Knicks,F,7-3,195.3,Michigan,3441525.26
Kaylee Casey,Cleveland Cavaliers,F-C,7-1,205.3,Real Madrid,10937464.01
Deborah Compton,Cleveland Cavaliers,G-F,6-0,199.7,UCLA,
Carl Lewis,Washington Wizards,C,7-0,252.8,Arizona,23120741.13
Trevor Orozco,Indiana Pacers,G,7-5,223.0,Michigan,31557200.45
Jennifer Jones,Cleveland Cavaliers,F-G,7-8,208.4,Maryland,8927475.5
Jeffrey Martin,Houston Rockets,C,6-4,186.2,Elan Chalon,33035691.84
Patricia Patel,Oklahoma City Thunder,G,5-10,201.5,Gonzaga,24741193.33
Mrs. Wendy Everett PhD,New York Knicks,F,5-10,266.3,Utah,37827012.98
Kiara Tran,LA Clippers,C,7-11,193.9,Maryland,20595055.92
Jason Anderson,Miami Heat,G,6-10,183.1,Kansas,7112094.96
Colleen Davis,Portland Trail Blazers,G-F,7-0,235.2,Villanova,31056499.52
Jasmine Howard,Toronto Raptors,F-C,6-1,184.7,Real Madrid,37620168.9
Kristopher Kirk,Phoenix Suns,F-C,5-0,215.1,Wichita State,
Angela Camacho,Brooklyn Nets,G,5-4,227.0,Gonzaga,16601494.75
Stephen Wells,Memphis Grizzlies,F-C,6-6,198.0,Utah,21625957.62
Mark Weaver,Oklahoma City Thunder,F-C,7-1,250.7,Kentucky,3367283.07
Christian Ross,Washington Wizards,G-F,5-4,254.4,Arizona,11619939.05
Robert Cuevas,Washington Wizards,F-G,6-6,258.7,Duke,21571976.67
Luis Morales,Chicago Bulls,F-C,6-8,195.4,UCLA,35535635.7
Mitchell Silva,Sacramento Kings,C-F,7-10,204.8,Duke,22425254.95
Ralph Ford,Charlotte Hornets,G,5-9,231.6,Kansas,30057715.18
Kathy Robinson,Utah Jazz,F-C,6-3,209.5,UCLA,9221124.79
Brandon Craig,San Antonio Spurs,C,5-1,181.8,Kentucky,37328609.68
Brent Johnson,Minnesota Timberwolves,F-G,7-8,168.8,Kansas,8297994.9
Catherine Olson,New Orleans Pelicans,F-G,6-5,175.4,Gonzaga,24970873.2
James Mckenzie,Utah Jazz,F,6-7,214.1,Arizona,6519601.0
Michael Sanchez DDS,New Orleans Pelicans,C,6-6,180.2,Wichita State,9250265.32
David Kim,Phoenix Suns,F-C,6-4,260.8,UCLA,13596736.54
David Thomas,Miami Heat,F-G,6-5,253.0,Elan Chalon,7442921.36
Mary Sims,New York Knicks,G,6-2,267.0,Villanova,35510265.37
Michael Wolfe,Brooklyn Nets,F-C,5-0,262.0,Duke,23366581.1
Amy Steele,Portland Trail Blazers,G-F,5-0,226.2,Elan Chalon,6371002.85
Frank Hall,LA Clippers,F,7-11,262.9,UCLA,20661273.74
Michael Gentry,LA Clippers,C,7-0,239.5,Michigan,6044642.36
Glen Francis,Cleveland Cavaliers,F,7-9,239.1,UCLA,19598384.92
Alan Woodard,Indiana Pacers,G,5-7,187.8,Texas,2190933.41
Tracy Blanchard,Dallas Mavericks,G-F,6-6,216.4,Fenerbahce,2076235.59
Pamela Curtis,Oklahoma City Thunder,C,5-11,276.2,Texas,10900984.74
Kimberly Young,Minnesota Timberwolves,G-F,5-6,238.4,Maryland,35979951.39
Cameron Ellison,Brooklyn Nets,G-F,6-6,276.7,Gonzaga,14439471.31
William Contreras,Toronto Raptors,C,6-7,266.5,Duke,5989248.13
Christina Ray,Cleveland Cavaliers,F,5-8,237.2,Villanova,6715615.43
Ashley Smith,New York Knicks,F-C,5-10,187.6,Wichita State,19519907.65
Robert Adkins,Miami Heat,F-G,5-9,179.3,Real Madrid,
Holly Wright,Boston Celtics,F,7-9,179.3,Kentucky,6301171.45
Mary Jimenez,Cleveland Cavaliers,C,5-8,275.0,Duke,29254985.46
Daniel Williams,San Antonio Spurs,C,5-3,213.9,Elan Chalon,7237387.97
Jasmine Cunningham,San Antonio Spurs,F-G,7-2,255.4,Michigan,20676793.88
Barbara Cowan,Cleveland Cavaliers,F-C,7-5,270.7,Kansas,15725744.37
Victoria Miller,Charlotte Hornets,G,5-8,263.2,Real Madrid,24417685.21
Jeffrey Thomas,Cleveland Cavaliers,F-G,7-9,164.7,North Carolina,26546008.14
Andrew Combs,Utah Jazz,G-F,7-0,267.6,Real Madrid,15129909.28
Samantha Forbes,Boston Celtics,F-C,7-6,187.5,Elan Chalon,15558841.6
Joshua Johnston,New Orleans Pelicans,C-F,7-11,229.1,Real Madrid,19347078.86
Douglas Black,Denver Nuggets,C-F,5-4,231.8,Real Madrid,716043.44
Thomas Gregory,Phoenix Suns,C-F,5-9,222.7,Duke,8614038.5
Troy Patterson,Sacramento Kings,C,6-5,172.8,Real Madrid,10518492.69
Samuel Thomas,Toronto Raptors,G-F,6-9,203.9,Texas,16199438.85
Andrew Ryan,Dallas Mavericks,F-G,7-8,217.9,Maryland,19608526.23
Arthur Booth,Golden State Warriors,G-F,6-11,207.8,UCLA,26541672.54
Cameron Norris,Phoenix Suns,F,6-11,273.9,North Carolina,16322155.8
Laura Ward,Houston Rockets,C-F,7-9,243.6,Kentucky,38600524.93
Patrick Huerta,Atlanta Hawks,C-F,5-2,216.6,Real Madrid,10892133.92
Jose Carson,Indiana Pacers,G,7-0,246.9,Utah,21079718.96
Carlos Anderson,Philadelphia 76ers,G-F,5-2,236.8,Fenerbahce,
Kenneth Allen,Toronto Raptors,F-C,7-4,183.4,Gonzaga,27123963.05
Johnny Strong,Indiana Pacers,F,7-0,277.1,Kansas,31297078.72
Samuel Patel,Indiana Pacers,F-C,6-6,230.3,Duke,3210378.29
Charles Ruiz,Brooklyn Nets,G-F,6-11,259.6,Maryland,32712837.74
Charles Webb,Denver Nuggets,G-F,5-7,271.6,Duke,16581817.73
Michelle Cruz,Charlotte Hornets,G-F,5-8,195.3,North Carolina,38290019.31
Amy Chan,Utah Jazz,G-F,7-4,243.3,Utah,30913704.11
Dalton Johnson,Portland Trail Blazers,C,6-10,215.3,Duke,10683880.71
Sandra Nichols,LA Clippers,F-C,5-10,244.1,Wichita State,14447302.49
Ryan Kim,Minnesota Timberwolves,G,7-4,189.8,Kansas,30077131.21
Tara Gray,Houston Rockets,G,7-2,217.2,Maryland,23161648.46
Emily Garcia,Cleveland Cavaliers,F-C,7-3,219.9,Villanova,10061232.45
Michelle Reed,Detroit Pistons,F,5-3,260.2,Maryland,4714226.96
Brandi Thompson,Washington Wizards,G,7-10,219.1,Duke,21888221.21
David Blanchard,Boston Celtics,C-F,6-5,234.5,Elan Chalon,35298996.32
Nicholas Allen DDS,New Orleans Pelicans,C-F,6-7,181.9,Texas,30131690.74
Phillip Burton,Chicago Bulls,G,7-6,217.4,Kentucky,16051818.45
Jennifer Jennings MD,Orlando Magic,C-F,5-7,277.2,Fenerbahce,832534.89
Mrs. Daisy Krueger,Orlando Magic,F,6-9,172.1,Maryland,10758180.38
Kayla Arnold,Minnesota Timberwolves,C,5-4,216.6,Wichita State,20201415.66
Megan Clark,Dallas Mavericks,F-G,7-5,203.8,Utah,7605624.53
Hannah Richards,Chicago Bulls,G-F,7-3,257.7,Texas,22435931.87
Ryan Barrett,Toronto Raptors,F-G,5-2,256.0,UCLA,884820.5
Dalton Buck,Los Angeles Lakers,F-G,5-10,222.0,Wichita State,12351350.2
Anthony Tran,Minnesota Timberwolves,C-F,7-0,207.8,Michigan,32645813.73
Cassandra Martinez,Miami Heat,C-F,7-1,214.0,Wichita State,14732109.91
Jasmine Wilson,Minnesota Timberwolves,C-F,6-5,162.4,North Carolina,27343641.13
John Haas,New York Knicks,F,7-9,238.0,Michigan,11742044.91
David Wilson,Houston Rockets,F-C,7-7,253.0,Fenerbahce,15552304.44
Timothy Garcia,Golden State Warriors,F-G,7-2,264.2,Wichita State,24686250.46
Katelyn Cardenas,LA Clippers,C-F,5-1,179.4,Gonzaga,26294017.35
Timothy Hubbard,Philadelphia 76ers,C,7-10,207.5,Fenerbahce,37581408.48
Lynn Townsend,Phoenix Suns,G-F,7-7,209.7,Michigan,5439076.47
Rodney Carroll,Denver Nuggets,F-C,6-11,244.1,Kansas,16183300.54
Shawn Mcdonald,Charlotte Hornets,G,6-8,166.5,Utah,39842542.39
John Murray,Charlotte Hornets,C,7-2,170.1,Utah,10272162.51
William Lewis,Golden State Warriors,F-G,7-2,175.8,Michigan,
Danielle Small,Orlando Magic,C,6-7,216.1,Texas,5837038.87
Deborah Fitzgerald,Philadelphia 76ers,G-F,5-9,231.7,Real Madrid,25761365.82
Stephen Berg,Golden State Warriors,C,6-8,187.3,Kansas,14948441.22
James Flynn,Detroit Pistons,F,6-0,160.0,UCLA,19033319.23
David Silva,Atlanta Hawks,F-C,6-7,196.0,Real Madrid,24081648.21
Curtis Solomon,Sacramento Kings,G,7-5,182.6,Real Madrid,6949145.07
Curtis Webster,Phoenix Suns,F-C,6-6,186.5,Kansas,9962691.69
Robert Johnston,Portland Trail Blazers,C-F,7-11,242.2,Arizona,21511798.51
Matthew Russo,Detroit Pistons,F-G,5-1,181.9,Arizona,18486049.0
Mrs. Shannon Schroeder,Memphis Grizzlies,C,7-9,219.0,Wichita State,
Gregory Baker,Boston Celtics,G-F,5-2,276.7,Arizona,28750239.72
Ronald Wiley,Phoenix Suns,G,5-1,178.1,Elan Chalon,17099599.57
Anthony White,Sacramento Kings,C-F,6-5,215.6,Kentucky,33820078.82
Frank Hall,Chicago Bulls,G,6-6,168.6,Elan Chalon,35880109.64
Shawn Martin,Detroit Pistons,C-F,6-0,174.6,Gonzaga,39011402.46
Veronica Montgomery,Denver Nuggets,F-C,5-3,215.3,North Carolina,39293576.13
Rachel Perry,Miami Heat,F-G,7-4,272.3,Michigan,2166343.67
Eduardo Schaefer,Washington Wizards,G-F,7-1,190.4,Arizona,35557023.25
Todd Wyatt,Toronto Raptors,F-C,5-1,188.3,Real Madrid,7110734.08
Jennifer Oneal,Detroit Pistons,G-F,5-6,254.7,Duke,23452542.4
Joshua Richards,Philadelphia 76ers,F-G,7-9,178.6,Kansas,20246808.66
Brent Jones,Orlando Magic,G-F,6-10,167.2,Maryland,28202461.53
Courtney Wong,Sacramento Kings,G,5-7,187.9,Maryland,17829396.47
Todd Hubbard,Dallas Mavericks,G,7-6,203.0,UCLA,2059797.44
Aaron Kim,Philadelphia 76ers,F-G,7-4,225.1,Elan Chalon,7871755.79
Christine Robles,Indiana Pacers,C,7-7,193.0,Michigan,6623506.38
Misty Shelton,Golden State Warriors,C-F,6-8,204.1,Duke,20485330.45
Steve Moore,Phoenix Suns,F,5-9,262.8,Gonzaga,3001999.39
Jessica Wilson,Minnesota Timberwolves,C-F,6-3,222.9,Elan Chalon,6588194.8
Janet Walker,Golden State Warriors,C,6-10,198.6,North Carolina,3133853.8
John Price,San Antonio Spurs,F,5-0,184.2,Elan Chalon,1756777.42
Paige Sutton,Oklahoma City Thunder,C-F,6-10,218.8,Texas,
Thomas Thompson,Denver Nuggets,G-F,7-1,161.6,Villanova,37171946.92
Yolanda Mcdaniel,San Antonio Spurs,G,6-10,167.3,Real Madrid,31872858.3
Daniel Clark,Boston Celtics,C-F,7-4,223.5,Kansas,3578447.31
Jose Henry,Dallas Mavericks,G-F,5-1,247.0,Utah,21284584.86
Nicole Scott,Denver Nuggets,G-F,7-2,227.0,Real Madrid,30768195.09
Ashley Knight,New Orleans Pelicans,C,7-7,244.3,Real Madrid,7088968.1
Mary Mcdaniel,Cleveland Cavaliers,G-F,6-8,200.5,Michigan,24196671.39
Mr. Steven Beard,Washington Wizards,C,6-8,279.0,Wichita State,16787560.02
Christina Rivera,Oklahoma City Thunder,F-G,7-5,233.0,Villanova,22234428.87
George Lee,Phoenix Suns,C,6-7,213.7,Utah,
Jason Booth,Boston Celtics,C,7-0,222.1,Arizona,
Bradley Watson,Denver Nuggets,F,6-0,252.6,Texas,20695223.79
David Sherman,New Orleans Pelicans,G-F,5-1,164.5,Maryland,10967033.08
Gary Morton,Utah Jazz,G-F,5-3,190.7,Arizona,16292030.81
Tim Reid,Washington Wizards,F,7-1,246.8,Elan Chalon,33115357.15
Grace Baker,Philadelphia 76ers,F-C,7-1,231.4,Arizona,
Jennifer Thompson,Sacramento Kings,G-F,6-1,253.6,Wichita State,32777097.15
Wanda Obrien,Los Angeles Lakers,C-F,5-3,249.7,Duke,25471648.0
Justin Bell,Boston Celtics,C,7-0,198.3,UCLA,28061861.78
Lisa Ramos,Chicago Bulls,G,7-11,279.7,Fenerbahce,23222566.73
Travis Case,Brooklyn Nets,F,6-4,254.4,UCLA,3760531.95
David Brown,New Orleans Pelicans,F-C,5-8,207.9,Kansas,17662398.89
Bruce Fowler Jr.,Philadelphia 76ers,F,5-7,227.1,Elan Chalon,23067561.97
Peter Tapia,Minnesota Timberwolves,G-F,7-8,189.5,Kansas,17487596.38
Joseph Thompson,Orlando Magic,G-F,5-1,240.6,Real Madrid,8024344.79
Lori Braun,Indiana Pacers,G-F,7-0,252.4,Michigan,24840729.28
Kevin Garcia,Sacramento Kings,F-G,7-2,212.9,Gonzaga,15265921.22
Ashley Garcia,Portland Trail Blazers,F-C,5-1,248.7,Gonzaga,37105822.96
Elizabeth Kirby,Toronto Raptors,C-F,6-0,201.2,North Carolina,19112017.0
Gregory Lewis,Houston Rockets,F,7-8,185.4,Texas,25110158.72
Kathy Gutierrez,Chicago Bulls,F-C,7-10,162.2,Kentucky,2874346.96
Robert Becker,Dallas Mavericks,C-F,7-9,192.6,Fenerbahce,829199.92
Zachary Nielsen,LA Clippers,F-C,6-10,262.2,Maryland,1253593.8
Jeffrey Reed,Toronto Raptors,F-C,6-3,277.6,North Carolina,19644155.0
Christopher Cox,New York Knicks,G-F,5-2,183.9,Fenerbahce,28642533.03
Matthew Garcia,Boston Celtics,F,7-4,200.0,Utah,1225702.9
Robert Malone,Orlando Magic,C,6-10,196.3,Texas,25218798.37
Angel Jones,Utah Jazz,F-G,5-8,273.9,Gonzaga,35938424.94
Erin Olson,Orlando Magic,F,5-11,205.9,Gonzaga,23129492.84
Lauren Thomas,Los Angeles Lakers,C,7-5,213.9,UCLA,5973772.81
Monica Larson,Minnesota Timberwolves,F-C,5-2,197.1,UCLA,36405582.76
Christopher Hernandez,Portland Trail Blazers,F,7-9,270.1,Wichita State,21551981.11
Karl Cox,Phoenix Suns,G,5-5,260.7,UCLA,30734683.0
Sarah Fuller,Utah Jazz,F-G,6-4,213.2,Texas,7923377.29
Christine Kirby,Chicago Bulls,F,5-9,234.0,Gonzaga,9621038.91
Christian Barnett,Atlanta Hawks,C,5-11,253.6,UCLA,24386114.5
Megan Vaughn,Philadelphia 76ers,F-C,6-2,262.3,Elan Chalon,6969561.83
Tasha Jenkins,Denver Nuggets,G,6-0,271.1,Real Madrid,27017893.94
Jonathan Cruz,Dallas Mavericks,C-F,5-1,181.2,Fenerbahce,19852744.49
Michael Foley,Houston Rockets,C-F,6-3,211.3,Kentucky,33060976.33
Nicole Page,Phoenix Suns,C,6-9,272.7,Kentucky,18338578.91
Erik Fisher,San Antonio Spurs,G,5-8,224.5,Kentucky,20887003.98
Jacqueline Phelps,Oklahoma City Thunder,G,5-4,212.7,Arizona,11793626.24
Carrie Hamilton,Cleveland Cavaliers,F-G,6-9,270.3,UCLA,26021009.56
Jared Bennett,Brooklyn Nets,F-C,7-1,181.6,UCLA,13276706.83
Timothy Villa,Atlanta Hawks,F,6-9,267.6,Villanova,4062096.62
Donna Andrade,Houston Rockets,F-C,7-11,255.6,North Carolina,28395955.04
Jason Ortiz,Oklahoma City Thunder,C,5-8,244.9,Michigan,15533976.87
Denise Williams,Portland Trail Blazers,F,6-9,264.6,UCLA,6211991.27
Joseph Coleman,Portland Trail Blazers,F-C,5-6,197.0,Fenerbahce,7637493.04
Matthew Ross,Utah Jazz,F,5-0,234.7,Texas,
Amanda Barber,Miami Heat,C-F,6-8,256.9,Elan Chalon,23760061.92
Dr. Michelle Stewart,Miami Heat,F-G,6-7,169.5,Duke,22119993.58
Brian Hoover,New York Knicks,F-C,7-3,165.9,UCLA,14286283.41
Cathy Murphy,Chicago Bulls,C-F,5-10,229.4,Arizona,3964256.04
Stephen Haynes,Charlotte Hornets,F-G,5-2,240.7,Michigan,30098724.96
Joseph Smith,Indiana Pacers,G,5-4,198.7,Utah,30458458.52
Stephanie Briggs,San Antonio Spurs,G-F,5-4,216.5,North Carolina,11339532.44
Christopher Scott,Milwaukee Bucks,F-G,7-3,243.5,Kentucky,29324276.53
Lisa Franklin,Oklahoma City Thunder,G-F,5-7,246.9,Arizona,33988019.81
Patricia Long,Detroit Pistons,G-F,7-9,202.5,UCLA,20107678.56
Christopher Black,Phoenix Suns,F-C,6-7,257.0,Gonzaga,39180677.55
Tracey Byrd,Atlanta Hawks,G,5-7,235.1,North Carolina,8689568.04
Katherine Baker,New York Knicks,F-G,6-0,200.1,Villanova,
Dr. Margaret Williamson,Dallas Mavericks,F-C,6-4,254.8,Arizona,22224747.18
Heather Patel,Portland Trail Blazers,G,5-10,200.0,Utah,24831737.05
Larry May,Atlanta Hawks,C-F,5-3,199.7,Wichita State,19424776.8
Brian Nicholson,Miami Heat,C-F,5-10,176.3,UCLA,35736303.91
Jessica Bailey,Minnesota Timberwolves,C,6-6,271.3,Kentucky,12324077.99
Tammy Rice,Phoenix Suns,F-C,6-8,224.3,Villanova,13602912.06
Jared Cline,Washington Wizards,C-F,6-1,276.4,Texas,13896520.51
Jason Hogan,LA Clippers,F-C,7-2,228.5,Utah,5115363.21
Gail Richardson,Sacramento Kings,C-F,6-11,262.9,Kentucky,3928512.51
Kevin Gallegos,Utah Jazz,F,6-7,259.5,Arizona,12441572.8
Amanda Bell,Charlotte Hornets,C,5-3,269.6,Fenerbahce,32061498.5
Kayla Miller,Utah Jazz,G-F,5-3,200.8,Elan Chalon,21183304.48
David Boyd,Portland Trail Blazers,C,5-1,258.7,UCLA,1943825.21
Matthew Mendoza,LA Clippers,F-C,7-1,160.5,Kentucky,23974359.44
Michelle Holmes,Brooklyn Nets,C,6-0,172.4,Arizona,
Patrick Padilla,Portland Trail Blazers,C,7-3,198.5,Villanova,21524894.33
Daniel Kennedy,Portland Trail Blazers,F-G,7-1,192.7,Michigan,1102640.34
Cameron Jones,New York Knicks,G-F,7-1,184.8,Maryland,11206557.98
Carol Ryan,Philadelphia 76ers,C-F,6-9,189.4,Kansas,35743602.64
Elizabeth Jennings,Minnesota Timberwolves,F-G,5-2,163.5,Kentucky,2625095.09
Michael Ray,Los Angeles Lakers,F-G,5-11,231.5,Fenerbahce,12841405.72
Carlos Carter,San Antonio Spurs,F,7-10,257.1,Kansas,30351845.96
Shelby Moreno,Memphis Grizzlies,G-F,5-1,257.5,Fenerbahce,12760471.54
Linda Turner,Oklahoma City Thunder,F-C,6-7,187.8,Gonzaga,35880184.03
Cassandra Clark,Detroit Pistons,C,6-2,244.0,Wichita State,35354953.66
Crystal Cooper,Memphis Grizzlies,F-G,5-1,217.0,Maryland,33907767.37
Debra Rollins,Golden State Warriors,C-F,6-9,229.0,North Carolina,28713786.9
Mark Gillespie,Charlotte Hornets,C,7-10,168.5,Arizona,16332250.75
Teresa Moore,Los Angeles Lakers,F,7-3,225.8,Elan Chalon,13958209.25
Jennifer Harrison,San Antonio Spurs,F-C,7-6,254.1,Real Madrid,14016932.97
Natasha Brady,Philadelphia 76ers,F,5-10,240.4,Elan Chalon,24044982.0
Kathy Johnston,Houston Rockets,G-F,5-7,181.1,Utah,4795413.04
Randy Davis,San Antonio Spurs,G-F,6-5,219.3,Kentucky,32772826.8
Jared Mclaughlin,Utah Jazz,G-F,7-0,250.8,UCLA,12014378.51
Connie Ross,New York Knicks,G-F,6-3,184.7,Wichita State,31876693.06
Andrea Guerrero,Orlando Magic,C,6-11,277.9,Maryland,23517715.62
Nathaniel Kerr,New York Knicks,G-F,6-2,262.3,Kentucky,22180962.9
Michael Stephens,Boston Celtics,G,7-8,258.5,Maryland,11647265.23
Mike Roth,Atlanta Hawks,F,6-11,230.8,Wichita State,16538289.85
Sally Maxwell,Los Angeles Lakers,G-F,5-10,180.8,UCLA,15691504.78
Crystal Avila,Washington Wizards,C,6-2,194.6,UCLA,3333966.86
Andrew Hill,Atlanta Hawks,F,7-7,239.0,UCLA,25868594.53
Gerald Reeves,Los Angeles Lakers,C-F,6-11,232.5,Real Madrid,18448577.19
Nancy Sanchez,Los Angeles Lakers,G-F,6-6,202.6,Michigan,793484.66
Mark Torres,Miami Heat,C-F,7-3,245.5,Texas,22073567.28
Christine Jackson,Indiana Pacers,G,5-9,218.0,Maryland,19520549.89
John Lewis,Philadelphia 76ers,G,5-11,247.8,Texas,3590266.78
Aaron Brown,Utah Jazz,G-F,5-3,216.7,Kansas,21798289.89
Christopher Boyer,New Orleans Pelicans,C,7-0,268.4,Duke,20750192.86
Miguel George,Miami Heat,G-F,7-5,210.5,Arizona,1895386.49
Angela Jackson,Washington Wizards,G-F,7-4,247.2,Texas,19189841.01
Kimberly Tanner,Cleveland Cavaliers,G-F,5-10,278.8,Duke,3759151.59
Matthew Burton,Milwaukee Bucks,G,6-4,175.9,Texas,10649750.96
Daniel Johnson,Phoenix Suns,G,7-2,269.2,UCLA,15105789.78
Heather Leon,Cleveland Cavaliers,C,7-3,218.2,Kentucky,3833857.9
Kurt Brown,Chicago Bulls,G-F,5-7,250.3,Real Madrid,9898923.84
Bryan Hill,Memphis Grizzlies,F-C,7-2,185.3,Maryland,10943622.09
Nicholas Gomez,San Antonio Spurs,G,5-2,215.7,Elan Chalon,29972946.54
Brandon Henderson,Portland Trail Blazers,G-F,5-6,242.0,Utah,6233418.32
John Richardson,Toronto Raptors,F-G,5-4,271.3,Fenerbahce,12969700.68
Erin Hughes,Milwaukee Bucks,F-C,5-1,270.1,Maryland,17555542.21
Jake Carrillo MD,Washington Wizards,F-C,6-5,192.4,North Carolina,23574984.94
Timothy Mcdonald,Memphis Grizzlies,C-F,7-11,189.0,Villanova,27269867.33
Melissa Poole,Cleveland Cavaliers,C,7-0,240.7,Kansas,
Derek Jenkins,Charlotte Hornets,G-F,5-10,213.5,Gonzaga,10449896.23
Kristi Smith,Boston Celtics,G,7-1,166.8,Villanova,25704273.96
Christopher Morgan,Philadelphia 76ers,G,5-9,175.6,Michigan,27978318.53
Heidi Sanchez,Detroit Pistons,C,6-10,272.3,Fenerbahce,11417150.71
Dillon Rich,Los Angeles Lakers,F-C,7-5,190.9,Kansas,2964301.51
Nicolas Stanley,LA Clippers,C,5-4,274.7,Texas,3241240.01
Nicholas Velez,Washington Wizards,F,7-6,181.4,Elan Chalon,21854970.19
Julie Duncan,Los Angeles Lakers,F,7-10,172.7,Fenerbahce,4579841.08
Brian Morris,Brooklyn Nets,G,7-11,190.1,Fenerbahce,
Brooke Wallace,Miami Heat,F,7-10,160.1,Kentucky,11024241.0
Karen Mahoney,Philadelphia 76ers,C,6-9,160.4,Elan Chalon,16454553.69
Jason Herman,Phoenix Suns,C-F,5-8,187.1,Utah,32810078.05
Annette Miller,Miami Heat,G,7-8,272.2,Maryland,12461709.02
Thomas Anderson,Boston Celtics,F-C,7-1,203.8,Wichita State,18655754.47
Shelia Mills,Portland Trail Blazers,C,7-3,181.2,Kentucky,26598996.5
Larry Adams,Golden State Warriors,F-C,6-1,235.7,Maryland,35465959.11
Bradley Lang,Memphis Grizzlies,F-C,5-2,164.3,Duke,23921344.42
Angelica James,Miami Heat,F-G,5-8,237.2,Elan Chalon,33452886.54
Maria Petersen,Memphis Grizzlies,G,5-5,166.7,Kentucky,8861287.94
Trevor Henson,Oklahoma City Thunder,F-C,7-7,272.8,UCLA,9702933.57
Tina Mckenzie,Brooklyn Nets,G,7-2,218.7,Duke,36761753.5
Andrew Tucker,Boston Celtics,F,7-10,175.7,Michigan,36234162.85
David Greene,San Antonio Spurs,C-F,5-7,233.3,Kansas,4700082.41
Tyler Hernandez,Miami Heat,G-F,7-3,167.6,Villanova,32555080.67
Andrea Hill,Phoenix Suns,F-C,6-5,174.5,UCLA,38605349.4
Charles Delacruz,Dallas Mavericks,C-F,5-9,180.8,Kansas,6078853.7
Ann Rodriguez,Los Angeles Lakers,F,7-5,226.4,Fenerbahce,23488439.17
Brandon Proctor,Chicago Bulls,G,7-9,205.1,Michigan,
Sarah Guerrero,Miami Heat,G,5-0,181.5,Kansas,23952355.67
Christopher Ortega,Golden State Warriors,F-G,7-7,243.1,Villanova,11202515.03
Andrew Munoz,Memphis Grizzlies,F-G,5-2,233.3,Kentucky,28829350.85
Kelly Martinez,New York Knicks,G,7-4,201.7,Duke,8080163.04
Melissa Yoder,Milwaukee Bucks,G,7-5,263.5,Gonzaga,25245337.68
Claudia Davis,Dallas Mavericks,C,5-3,173.5,UCLA,38758666.59
Tami Woods,Miami Heat,F-G,5-2,240.4,Kentucky,14885626.23
Sarah Willis,Dallas Mavericks,F-G,6-5,234.0,Fenerbahce,
Lisa Moss,Phoenix Suns,G,7-2,179.0,Duke,5084570.88
Ryan Ward,Utah Jazz,F,7-7,231.1,Wichita State,30009926.76
Sarah Pena,Utah Jazz,C,5-1,199.1,North Carolina,16797520.57
Sandra Brown,Dallas Mavericks,F-G,5-1,216.5,Elan Chalon,17716669.89
Ian Hopkins,Dallas Mavericks,G-F,6-2,206.5,UCLA,8169119.45
Monica Graves,Indiana Pacers,C,5-5,175.3,Kentucky,4888816.19
Ruth Clark,Memphis Grizzlies,F-G,6-2,251.2,Gonzaga,24343621.32
Sheila Moody,Sacramento Kings,C-F,7-9,268.7,Gonzaga,34350463.67
Michael Hill,Miami Heat,C-F,5-9,216.8,Fenerbahce,29335701.31
Christina Williams,Phoenix Suns,C-F,5-3,199.3,Gonzaga,23874979.47
Daniel Mcmahon,Chicago Bulls,G-F,5-6,277.6,Kentucky,29472313.92
Sabrina Kline,Milwaukee Bucks,G,6-8,207.3,North Carolina,10000203.95
Kenneth Bradshaw,Minnesota Timberwolves,C-F,5-11,247.8,Villanova,12183721.91
Gregory Walker,Oklahoma City Thunder,G,5-7,240.3,Michigan,34387923.39
Amanda Flowers,Phoenix Suns,G-F,5-7,215.7,UCLA,16511734.7
Dawn Larsen,Sacramento Kings,C-F,6-10,215.7,Duke,3292594.38
Sheri Martin,Utah Jazz,F-C,6-8,163.9,Real Madrid,28073171.86
Jeffrey Miller,New York Knicks,G-F,7-3,254.5,Kansas,13759939.71
Louis Jones,Washington Wizards,G,7-10,203.7,Kentucky,14940838.93
Jillian Schmidt,New York Knicks,G,6-5,181.0,Kansas,31056232.59
Kelly Tucker,Chicago Bulls,C,5-8,173.6,Elan Chalon,30214947.04
Natalie Kelly,Toronto Raptors,F-C,5-11,251.3,Wichita State,11060635.17
Megan Miranda,Orlando Magic,F-G,6-0,167.6,Maryland,20307278.77
Hector Shields,San Antonio Spurs,G,6-11,223.8,Arizona,15041761.15
Mike Huang,Orlando Magic,F-C,5-3,267.0,Fenerbahce,15931958.86
Melinda Cunningham,Cleveland Cavaliers,C,5-1,179.8,North Carolina,20104985.03
Nancy Jacobs,Toronto Raptors,F,7-10,162.7,Real Madrid,21886680.84
Corey Henry,Chicago Bulls,F-G,6-6,213.3,Duke,2986505.59
Daniel Jones,Toronto Raptors,C-F,5-8,237.4,Real Madrid,26402539.82
Scott Mejia,Sacramento Kings,C,6-9,239.9,Fenerbahce,22906440.61
Martin Moore,Utah Jazz,C-F,6-2,254.7,Gonzaga,38843599.91
Karen Jones,Portland Trail Blazers,C-F,5-2,202.4,Fenerbahce,24935894.08
Christine Blanchard,Cleveland Cavaliers,F-C,7-4,181.9,Michigan,27867941.12
Mrs. Martha Franco,Orlando Magic,C-F,5-2,188.5,Kentucky,23193744.25
David Lane,Memphis Grizzlies,C,6-2,184.6,Kentucky,39131891.24
Amber Jackson,Chicago Bulls,C,6-8,277.1,Arizona,1484545.6
Barbara Martin,Washington Wizards,F-G,5-7,271.3,UCLA,
Janice Mays,Phoenix Suns,G-F,7-5,237.7,Arizona,11948173.72
Robert Benton,Portland Trail Blazers,G-F,7-2,255.9,Fenerbahce,4936467.11
Anthony Fleming,Miami Heat,G,5-10,226.1,Arizona,
Kevin Casey,New York Knicks,C-F,5-7,202.9,Wichita State,25831849.79
Robert Mullen,New Orleans Pelicans,G-F,5-4,183.5,Kansas,18095594.24
Michael Buchanan,Orlando Magic,G,7-6,183.3,Wichita State,20706455.78
Thomas Joseph,Boston Celtics,F-C,6-6,177.8,Real Madrid,15226830.46
Thomas Bradford,Golden State Warriors,C,6-4,277.3,Kansas,35568292.63
Susan Moore,Phoenix Suns,F-G,6-4,179.7,Real Madrid,16860654.61
Patricia Park,San Antonio Spurs,G-F,7-1,177.2,Arizona,34767269.89
David Ramos,Houston Rockets,G,7-6,170.6,Real Madrid,11296489.92
William Harrison,Cleveland Cavaliers,G-F,6-11,228.1,UCLA,33375207.07
Daniel Bell,Golden State Warriors,G-F,6-0,258.7,Arizona,12504617.98
Cathy Martin,Minnesota Timberwolves,F-C,6-3,163.2,Duke,12356691.62
Dawn Robinson,Oklahoma City Thunder,C-F,7-7,174.9,Arizona,19929516.88
Sara Keith,Philadelphia 76ers,F-C,5-0,174.3,Texas,38839700.4
Erika Watson,New York Knicks,F-C,6-9,217.7,Real Madrid,25305843.88
Nathan Ayers,Miami Heat,F-C,5-5,221.5,Duke,6932465.69
William Mercado,Boston Celtics,F,6-7,265.4,UCLA,2589088.97
Leslie Jordan,Indiana Pacers,F-G,7-5,165.8,Arizona,37484522.28
Jacob Turner,Milwaukee Bucks,F,7-2,251.8,Michigan,34961503.81
Omar Lewis,San Antonio Spurs,C-F,7-4,192.6,Maryland,23411842.34
Patricia Dalton,San Antonio Spurs,F,5-2,222.2,Maryland,16773782.93
Carolyn Curtis,Washington Wizards,F,5-3,178.5,Gonzaga,31906716.15
Scott Soto,Minnesota Timberwolves,G-F,7-8,261.5,North Carolina,36683230.82
Brenda Dunlap,Charlotte Hornets,C-F,5-0,217.5,Arizona,5991052.29
Derrick Carney,Memphis Grizzlies,G-F,7-5,180.7,Arizona,
Nicole Melendez,San Antonio Spurs,G,5-2,262.8,UCLA,12643418.78
Tyler Boyd,Dallas Mavericks,F,5-6,242.9,North Carolina,31100346.17
Pam Lawrence,Portland Trail Blazers,F-G,5-3,172.9,Kentucky,36386907.29
Jacob Anderson,Boston Celtics,G,6-10,161.2,North Carolina,36843873.8
Desiree Kane,Dallas Mavericks,G-F,5-2,240.5,Duke,33911530.14
Travis Humphrey,Detroit Pistons,G-F,6-5,179.3,Gonzaga,3199313.04
Walter Poole,San Antonio Spurs,G-F,5-8,186.0,Villanova,7285051.78
Andrea Lynch,Portland Trail Blazers,G-F,5-11,171.8,Villanova,34126224.0
Tina Shaw,Miami Heat,C,7-9,182.2,North Carolina,14515482.63
Sarah Collier,LA Clippers,F-G,5-8,187.3,North Carolina,12914070.76
Mrs. Rebecca Bennett,Memphis Grizzlies,G,7-2,219.5,Maryland,22506718.85
Joshua Peck,Boston Celtics,G,6-7,173.9,Arizona,29578889.66
Michael Harris,Orlando Magic,C-F,6-3,226.5,Arizona,17404485.72
Julie Hayden,Toronto Raptors,G,6-10,204.1,Duke,19920110.76
Regina Houston,Charlotte Hornets,F-G,6-8,239.0,Kansas,16095052.74
Mrs. Sara Savage,Philadelphia 76ers,G-F,5-11,271.0,Michigan,39020696.02
Kelly Sawyer,Houston Rockets,F,7-6,174.7,Real Madrid,11501474.13
Michael Pham,Philadelphia 76ers,C-F,7-9,192.8,Utah,26833741.9
Richard Jackson,LA Clippers,F-G,7-4,177.7,Fenerbahce,10402249.48
Courtney Cordova,Miami Heat,F,7-2,163.6,Kentucky,20176328.89
Michael Ford,Atlanta Hawks,F,6-9,241.5,UCLA,25117688.44
Gabriela Dixon,Portland Trail Blazers,G,7-8,252.1,Fenerbahce,26652682.72
Timothy Willis,Miami Heat,G-F,6-8,201.2,Duke,1748141.67
Mary Cohen,Los Angeles Lakers,G,6-7,197.7,Utah,1921254.2
Kaitlyn Anderson,Cleveland Cavaliers,G-F,7-4,266.2,Michigan,5812285.57
Casey Lynch,Philadelphia 76ers,F-G,6-1,228.3,Elan Chalon,27572279.6
Rodney Green,New Orleans Pelicans,F-G,6-8,262.5,Kentucky,20040299.65
Timothy Caldwell,LA Clippers,G-F,7-5,252.0,Arizona,1611805.97
Maurice Nichols,Boston Celtics,F,6-5,257.1,Duke,25193543.51
Joseph Wyatt,LA Clippers,G,6-5,279.0,Real Madrid,26618980.23
Nicolas Clark,Denver Nuggets,F,7-4,231.1,Kansas,5021616.21
Kyle Taylor,Cleveland Cavaliers,G,7-5,164.5,Real Madrid,36105688.89
Kyle Smith,Detroit Pistons,G,7-7,230.6,Wichita State,15916881.22
Victoria Sims,New Orleans Pelicans,G,6-1,242.9,Villanova,20359356.64
Tracy Johns,Portland Trail Blazers,F-C,6-2,233.8,Maryland,8469465.76
Amy Snyder,Oklahoma City Thunder,C-F,5-8,185.7,Texas,
Rachel Matthews,New Orleans Pelicans,F-G,5-9,249.1,Kansas,23338633.3
Denise Cain,New Orleans Pelicans,C,6-1,228.0,Elan Chalon,14219001.24
Mr. Justin Berger,Brooklyn Nets,F-C,6-8,256.5,Real Madrid,12877442.17
Leah Stone,Los Angeles Lakers,F-G,6-9,221.8,Michigan,25299835.49
Benjamin Taylor,Milwaukee Bucks,C-F,5-9,219.9,Fenerbahce,25698091.18
Andrea Cook,Sacramento Kings,G-F,6-9,247.2,Kentucky,14888849.43
Brittany Gaines,Chicago Bulls,F,5-11,242.2,Arizona,16705280.37
Lawrence Vasquez,Toronto Raptors,C-F,5-10,184.4,Real Madrid,11838261.58
Nicole Fowler,Cleveland Cavaliers,C,7-9,188.3,Gonzaga,8080682.45
John Thomas,Denver Nuggets,C-F,6-7,218.2,Real Madrid,36273397.1
Hunter Turner,Dallas Mavericks,F,6-2,163.5,Texas,7451416.26
Gloria Boyd DDS,Toronto Raptors,G,7-7,253.9,Kentucky,3815216.87
Jaclyn Villa,New York Knicks,C,5-6,267.6,Kansas,33672513.71
Maria Cook,San Antonio Spurs,F,5-1,228.5,North Carolina,33244772.52
Cameron Ortiz,Portland Trail Blazers,G-F,6-7,266.1,Gonzaga,31041039.93
Evan Powers,Houston Rockets,C,7-11,206.8,Gonzaga,9111331.21
Anthony Allen,Charlotte Hornets,F,5-4,212.7,Texas,2709053.41
Jill Marshall,Minnesota Timberwolves,C,7-1,198.0,Real Madrid,10230694.23
NaN,NaN,NaN,NaN,NaN,NaN,NaN

